episode,scenario_idx,scenario_sos,scenario_cost,action_mode,reward,steps,done,terminated,truncated,dead_end,makespan,done_ops,epsilon,loss,replay_size
0,0,14,7433,op,-0.15566666666666676,115,True,False,False,True,895.0,115,0.999,,115
1,0,14,7433,op,-0.1410000000000001,117,True,False,False,True,896.0,117,0.998001,,232
2,0,14,7433,op,-0.12633333333333344,119,True,False,False,True,873.0,119,0.997002999,,351
3,0,14,7433,op,0.6415750560760497,120,True,True,False,False,866.0,120,0.996005996001,,471
4,0,14,7433,op,-0.1410000000000001,117,True,False,False,True,900.0,117,0.995009990004999,0.0012685690307989717,588
5,0,14,7433,op,-0.1410000000000001,117,True,False,False,True,882.0,117,0.994014980014994,0.004691536072641611,705
6,0,14,7433,op,-0.14833333333333343,116,True,False,False,True,875.0,116,0.993020965034979,0.002105646301060915,821
7,0,14,7433,op,-0.15566666666666676,115,True,False,False,True,890.0,115,0.9920279440699441,0.0025610653683543205,936
8,0,14,7433,op,-0.17766666666666675,112,True,False,False,True,896.0,112,0.9910359161258742,0.0012558383168652654,1048
9,0,14,7433,op,0.6341102895736693,120,True,True,False,False,893.0,120,0.9900448802097482,0.0006171544082462788,1168
10,0,14,7433,op,-0.17033333333333342,113,True,False,False,True,888.0,113,0.9890548353295385,0.0014301009941846132,1281
11,0,14,7433,op,-0.24366666666666675,103,True,False,False,True,886.0,103,0.988065780494209,0.0008429969311691821,1384
12,0,14,7433,op,0.6694987592697142,120,True,True,False,False,765.0,120,0.9870777147137147,0.001615201123058796,1504
13,0,14,7433,op,-0.12633333333333344,119,True,False,False,True,888.0,119,0.986090636999001,0.0013000484323129058,1623
14,0,14,7433,op,-0.14833333333333343,116,True,False,False,True,879.0,116,0.9851045463620021,0.0028380926232784986,1739
15,0,14,7433,op,-0.15566666666666676,115,True,False,False,True,895.0,115,0.98411944181564,0.002061891369521618,1854
16,0,14,7433,op,-0.17766666666666675,112,True,False,False,True,894.0,112,0.9831353223738244,0.0008715689182281494,1966
17,0,14,7433,op,-0.1630000000000001,114,True,False,False,True,896.0,114,0.9821521870514506,0.0010698436526581645,2080
18,0,14,7433,op,-0.13366666666666677,118,True,False,False,True,876.0,118,0.9811700348643991,0.00044759505544789135,2198
19,0,14,7433,op,-0.17766666666666675,112,True,False,False,True,889.0,112,0.9801888648295347,0.0018093741964548826,2310
20,0,14,7433,op,-0.24366666666666675,103,True,False,False,True,899.0,103,0.9792086759647052,0.0005313719739206135,2413
21,0,14,7433,op,-0.21433333333333343,107,True,False,False,True,899.0,107,0.9782294672887405,0.000993014546111226,2520
22,0,14,7433,op,-0.14833333333333343,116,True,False,False,True,896.0,116,0.9772512378214517,0.0007241358980536461,2636
23,0,14,7433,op,-0.17033333333333342,113,True,False,False,True,898.0,113,0.9762739865836303,0.0007519279606640339,2749
24,0,14,7433,op,-0.18500000000000008,111,True,False,False,True,900.0,111,0.9752977125970467,0.00045909956679679453,2860
25,0,14,7433,op,-0.1630000000000001,114,True,False,False,True,893.0,114,0.9743224148844496,0.0005209430819377303,2974
26,0,14,7433,op,0.65733398771286,120,True,True,False,False,809.0,120,0.9733480924695651,0.0006958036683499813,3094
27,0,14,7433,op,-0.2363333333333334,104,True,False,False,True,886.0,104,0.9723747443770956,0.0007438197499141097,3198
28,0,14,7433,op,0.6498692212104796,120,True,True,False,False,836.0,120,0.9714023696327185,0.0015227922704070807,3318
29,0,14,7433,op,-0.24366666666666675,103,True,False,False,True,895.0,103,0.9704309672630859,0.000767403282225132,3421
30,0,14,7433,op,-0.12633333333333344,119,True,False,False,True,884.0,119,0.9694605362958227,0.0006446067709475756,3540
31,0,14,7433,op,-0.2656666666666667,100,True,False,False,True,891.0,100,0.9684910757595269,0.0003920065355487168,3640
32,0,14,7433,op,-0.12633333333333344,119,True,False,False,True,894.0,119,0.9675225846837673,0.0004890220006927848,3759
33,0,14,7433,op,-0.14833333333333343,116,True,False,False,True,900.0,116,0.9665550620990835,0.0005808511050418019,3875
34,0,14,7433,op,-0.15566666666666676,115,True,False,False,True,898.0,115,0.9655885070369844,0.00048110890202224255,3990
35,0,14,7433,op,-0.1923333333333334,110,True,False,False,True,896.0,110,0.9646229185299474,0.001163972308859229,4100
36,0,14,7433,op,-0.1410000000000001,117,True,False,False,True,880.0,117,0.9636582956114175,0.0005649623926728964,4217
37,0,14,7433,op,-0.1410000000000001,117,True,False,False,True,894.0,117,0.9626946373158061,0.0005379017675295472,4334
38,0,14,7433,op,-0.15566666666666676,115,True,False,False,True,887.0,115,0.9617319426784903,0.00041228465852327645,4449
39,0,14,7433,op,-0.20700000000000007,108,True,False,False,True,898.0,108,0.9607702107358118,0.0005733750876970589,4557
40,0,14,7433,op,-0.1410000000000001,117,True,False,False,True,887.0,117,0.959809440525076,0.0005200474988669157,4674
41,0,14,7433,op,-0.13366666666666677,118,True,False,False,True,887.0,118,0.9588496310845509,0.0005320680793374777,4792
42,0,14,7433,op,-0.14833333333333343,116,True,False,False,True,885.0,116,0.9578907814534664,0.0007997485809028149,4908
43,0,14,7433,op,-0.18500000000000008,111,True,False,False,True,899.0,111,0.9569328906720129,0.00045345889520831406,5019
44,0,14,7433,op,-0.13366666666666677,118,True,False,False,True,895.0,118,0.9559759577813409,0.00046368897892534733,5137
45,0,14,7433,op,-0.20700000000000007,108,True,False,False,True,896.0,108,0.9550199818235596,0.0007143575930967927,5245
46,0,14,7433,op,0.6412986097335814,120,True,True,False,False,867.0,120,0.9540649618417361,0.000691888271830976,5365
47,0,14,7433,op,-0.17766666666666675,112,True,False,False,True,898.0,112,0.9531108968798944,0.0006311631295830011,5477
48,0,14,7433,op,0.65733398771286,120,True,True,False,False,809.0,120,0.9521577859830145,0.0008188425563275814,5597
49,0,14,7433,op,-0.1410000000000001,117,True,False,False,True,898.0,117,0.9512056281970315,0.0005766652757301927,5714
50,0,14,7433,op,0.6349397478103637,120,True,True,False,False,890.0,120,0.9502544225688344,0.0030904379673302174,5834
51,0,14,7433,op,-0.20700000000000007,108,True,False,False,True,889.0,108,0.9493041681462656,0.0008819823851808906,5942
52,0,14,7433,op,-0.17766666666666675,112,True,False,False,True,894.0,112,0.9483548639781193,0.0014460026286542416,6054
53,0,14,7433,op,-0.17766666666666675,112,True,False,False,True,895.0,112,0.9474065091141411,0.0007586784777231514,6166
54,0,14,7433,op,-0.18500000000000008,111,True,False,False,True,900.0,111,0.946459102605027,0.001315870089456439,6277
55,0,14,7433,op,-0.2803333333333334,98,True,False,False,True,900.0,98,0.9455126435024219,0.0007719573914073408,6375
56,0,14,7433,op,0.6653517065048217,120,True,True,False,False,780.0,120,0.9445671308589195,0.0011551001807674766,6495
57,0,14,7433,op,-0.24366666666666675,103,True,False,False,True,888.0,103,0.9436225637280606,0.001131701748818159,6598
58,0,14,7433,op,-0.1410000000000001,117,True,False,False,True,886.0,117,0.9426789411643326,0.000790043908637017,6715
59,0,14,7433,op,-0.15566666666666676,115,True,False,False,True,889.0,115,0.9417362622231683,0.0014741073828190565,6830
60,0,14,7433,op,-0.13366666666666677,118,True,False,False,True,898.0,118,0.9407945259609451,0.0008821958908811212,6948
61,0,14,7433,op,-0.20700000000000007,108,True,False,False,True,899.0,108,0.9398537314349842,0.0010639284737408161,7056
62,0,14,7433,op,0.6667340574264525,120,True,True,False,False,775.0,120,0.9389138777035492,0.0007814336568117142,7176
63,0,14,7433,op,-0.1410000000000001,117,True,False,False,True,893.0,117,0.9379749638258457,0.0018461791332811117,7293
64,0,14,7433,op,0.6780694303512572,120,True,True,False,False,734.0,120,0.9370369888620198,0.0008817983325570822,7413
65,0,14,7433,op,0.6548457322120665,120,True,True,False,False,818.0,120,0.9360999518731578,0.0017280590254813433,7533
66,0,14,7433,op,0.663969295978546,120,True,True,False,False,785.0,120,0.9351638519212846,0.0019460010807961226,7653
67,0,14,7433,op,-0.1630000000000001,114,True,False,False,True,883.0,114,0.9342286880693633,0.0009722773684188724,7767
68,0,14,7433,op,-0.20700000000000007,108,True,False,False,True,894.0,108,0.933294459381294,0.0010565044358372688,7875
69,0,14,7433,op,0.6584398326873778,120,True,True,False,False,805.0,120,0.9323611649219127,0.0010355818085372448,7995
70,0,14,7433,op,0.6354926404953002,120,True,True,False,False,888.0,120,0.9314288037569908,0.0015951483510434628,8115
71,0,14,7433,op,-0.12633333333333344,119,True,False,False,True,900.0,119,0.9304973749532338,0.0011723591014742851,8234
72,0,14,7433,op,0.6390868005752562,120,True,True,False,False,875.0,120,0.9295668775782806,0.0011139356065541506,8354
73,0,14,7433,op,-0.18500000000000008,111,True,False,False,True,896.0,111,0.9286373107007023,0.0009497632854618132,8465
74,0,14,7433,op,-0.17766666666666675,112,True,False,False,True,900.0,112,0.9277086733900016,0.0015567055670544505,8577
75,0,14,7433,op,-0.19966666666666674,109,True,False,False,True,896.0,109,0.9267809647166116,0.0012821902055293322,8686
76,0,14,7433,op,-0.19966666666666674,109,True,False,False,True,891.0,109,0.925854183751895,0.0013578322250396013,8795
77,0,14,7433,op,0.6385338482856749,120,True,True,False,False,877.0,120,0.9249283295681431,0.0013858971651643515,8915
78,0,14,7433,op,-0.13366666666666677,118,True,False,False,True,897.0,118,0.9240034012385749,0.0012181932106614113,9033
79,0,14,7433,op,-0.17033333333333342,113,True,False,False,True,885.0,113,0.9230793978373364,0.0013884153449907899,9146
80,0,14,7433,op,-0.17033333333333342,113,True,False,False,True,891.0,113,0.9221563184394991,0.001414956757798791,9259
81,0,14,7433,op,0.6634163436889647,120,True,True,False,False,787.0,120,0.9212341621210596,0.0019283709116280079,9379
82,0,14,7433,op,-0.13366666666666677,118,True,False,False,True,878.0,118,0.9203129279589385,0.0017618401907384396,9497
83,0,14,7433,op,-0.3243333333333334,92,True,False,False,True,899.0,92,0.9193926150309796,0.002219230867922306,9589
84,0,14,7433,op,-0.17766666666666675,112,True,False,False,True,899.0,112,0.9184732224159486,0.0021418877877295017,9701
85,0,14,7433,op,-0.14833333333333343,116,True,False,False,True,891.0,116,0.9175547491935327,0.0018717048224061728,9817
86,0,14,7433,op,0.6802811799049376,120,True,True,False,False,726.0,120,0.9166371944443392,0.0017915214411914349,9937
87,0,14,7433,op,0.6562280831336974,120,True,True,False,False,813.0,120,0.9157205572498949,0.002349942224100232,10057
88,0,14,7433,op,0.6440633115768432,120,True,True,False,False,857.0,120,0.914804836692645,0.0019317122641950846,10177
89,0,14,7433,op,0.6352161941528319,120,True,True,False,False,889.0,120,0.9138900318559524,0.001722219167277217,10297
90,0,14,7433,op,0.684428292274475,120,True,True,False,False,711.0,120,0.9129761418240965,0.002925049513578415,10417
91,0,14,7433,op,-0.18500000000000008,111,True,False,False,True,899.0,111,0.9120631656822724,0.002295561134815216,10528
92,0,14,7433,op,-0.2290000000000001,105,True,False,False,True,879.0,105,0.9111511025165902,0.002296869410201907,10633
93,0,14,7433,op,0.6824929294586181,120,True,True,False,False,718.0,120,0.9102399514140735,0.004554704297333956,10753
94,0,14,7433,op,0.6587163386344909,120,True,True,False,False,804.0,120,0.9093297114626595,0.0030058776028454304,10873
95,0,14,7433,op,-0.28766666666666674,97,True,False,False,True,900.0,97,0.9084203817511969,0.0031071538105607033,10970
96,0,14,7433,op,-0.21433333333333343,107,True,False,False,True,888.0,107,0.9075119613694457,0.001451625139452517,11077
97,0,14,7433,op,-0.14833333333333343,116,True,False,False,True,891.0,116,0.9066044494080763,0.0023386836983263493,11193
98,0,14,7433,op,0.6493162689208983,120,True,True,False,False,838.0,120,0.9056978449586682,0.003592063207179308,11313
99,0,14,7433,op,0.6432339129447936,120,True,True,False,False,860.0,120,0.9047921471137096,0.0024006273597478867,11433
100,0,14,7433,op,-0.14833333333333343,116,True,False,False,True,887.0,116,0.9038873549665959,0.003285618731752038,11549
101,0,14,7433,op,-0.22166666666666673,106,True,False,False,True,897.0,106,0.9029834676116293,0.0023465969134122133,11655
102,0,14,7433,op,0.6484868702888488,120,True,True,False,False,841.0,120,0.9020804841440176,0.0029044020920991898,11775
103,0,14,7433,op,-0.17766666666666675,112,True,False,False,True,888.0,112,0.9011784036598737,0.002074491698294878,11887
104,0,14,7433,op,-0.17766666666666675,112,True,False,False,True,892.0,112,0.9002772252562138,0.004309936426579952,11999
105,0,14,7433,op,-0.1923333333333334,110,True,False,False,True,881.0,110,0.8993769480309576,0.0022767421323806047,12109
106,0,14,7433,op,0.6482103643417357,120,True,True,False,False,842.0,120,0.8984775710829266,0.0048931678757071495,12229
107,0,14,7433,op,0.6327279386520385,120,True,True,False,False,898.0,120,0.8975790935118436,0.0032525344286113977,12349
108,0,14,7433,op,-0.15566666666666676,115,True,False,False,True,899.0,115,0.8966815144183318,0.003944694064557552,12464
109,0,14,7433,op,0.6354926404953002,120,True,True,False,False,888.0,120,0.8957848329039134,0.003011933993548155,12584
110,0,14,7433,op,-0.14833333333333343,116,True,False,False,True,899.0,116,0.8948890480710096,0.0023145796731114388,12700
111,0,14,7433,op,-0.3243333333333334,92,True,False,False,True,900.0,92,0.8939941590229386,0.0026123840361833572,12792
112,0,14,7433,op,0.6495927748680114,120,True,True,False,False,837.0,120,0.8931001648639156,0.0033996859565377235,12912
113,0,14,7433,op,-0.1923333333333334,110,True,False,False,True,892.0,110,0.8922070646990518,0.003014853224158287,13022
114,0,14,7433,op,0.6553986845016478,120,True,True,False,False,816.0,120,0.8913148576343527,0.0029953971970826387,13142
115,0,14,7433,op,-0.1410000000000001,117,True,False,False,True,893.0,117,0.8904235427767183,0.0025060700718313456,13259
116,0,14,7433,op,-0.14833333333333343,116,True,False,False,True,895.0,116,0.8895331192339416,0.0025446887593716383,13375
117,0,14,7433,op,-0.14833333333333343,116,True,False,False,True,882.0,116,0.8886435861147077,0.003226663451641798,13491
118,0,14,7433,op,0.6404691514968871,120,True,True,False,False,870.0,120,0.887754942528593,0.0038938664365559816,13611
119,0,14,7433,op,-0.1410000000000001,117,True,False,False,True,884.0,117,0.8868671875860644,0.0032254098914563656,13728
120,0,14,7433,op,-0.1410000000000001,117,True,False,False,True,899.0,117,0.8859803203984784,0.003906599711626768,13845
121,0,14,7433,op,0.6523574767112731,120,True,True,False,False,827.0,120,0.88509434007808,0.0032672984525561333,13965
122,0,14,7433,op,-0.12633333333333344,119,True,False,False,True,888.0,119,0.8842092457380019,0.002693608868867159,14084
123,0,14,7433,op,-0.12633333333333344,119,True,False,False,True,875.0,119,0.8833250364922639,0.00427240040153265,14203
124,0,14,7433,op,-0.13366666666666677,118,True,False,False,True,891.0,118,0.8824417114557717,0.002158976625651121,14321
125,0,14,7433,op,-0.18500000000000008,111,True,False,False,True,893.0,111,0.8815592697443159,0.002964444924145937,14432
126,0,14,7433,op,-0.18500000000000008,111,True,False,False,True,880.0,111,0.8806777104745716,0.004272308200597763,14543
127,0,14,7433,op,-0.14833333333333343,116,True,False,False,True,879.0,116,0.8797970327640969,0.00177187065128237,14659
128,0,14,7433,op,-0.13366666666666677,118,True,False,False,True,882.0,118,0.8789172357313328,0.002676317933946848,14777
129,0,14,7433,op,-0.22166666666666673,106,True,False,False,True,899.0,106,0.8780383184956015,0.0014547592727467418,14883
130,0,14,7433,op,-0.15566666666666676,115,True,False,False,True,890.0,115,0.8771602801771059,0.003507497487589717,14998
131,0,14,7433,op,-0.1410000000000001,117,True,False,False,True,894.0,117,0.8762831198969288,0.002936882432550192,15115
132,0,14,7433,op,0.645445662498474,120,True,True,False,False,852.0,120,0.8754068367770318,0.0030846104491502047,15235
133,0,14,7433,op,-0.21433333333333343,107,True,False,False,True,894.0,107,0.8745314299402548,0.002842034213244915,15342
134,0,14,7433,op,0.6545692262649535,120,True,True,False,False,819.0,120,0.8736568985103146,0.002686375053599477,15462
135,0,14,7433,op,-0.12633333333333344,119,True,False,False,True,895.0,119,0.8727832416118043,0.003752704244107008,15581
136,0,14,7433,op,0.6578869400024413,120,True,True,False,False,807.0,120,0.8719104583701925,0.0024466151371598244,15701
137,0,14,7433,op,-0.13366666666666677,118,True,False,False,True,899.0,118,0.8710385479118223,0.00434899190440774,15819
138,0,14,7433,op,0.6404691514968871,120,True,True,False,False,870.0,120,0.8701675093639105,0.0027526395861059427,15939
139,0,14,7433,op,-0.20700000000000007,108,True,False,False,True,898.0,108,0.8692973418545467,0.0032899100333452225,16047
140,0,14,7433,op,-0.20700000000000007,108,True,False,False,True,887.0,108,0.8684280445126921,0.0033380314707756042,16155
141,0,14,7433,op,-0.12633333333333344,119,True,False,False,True,900.0,119,0.8675596164681794,0.004144655540585518,16274
142,0,14,7433,op,-0.2583333333333334,101,True,False,False,True,891.0,101,0.8666920568517111,0.0022497158497571945,16375
143,0,14,7433,op,-0.2290000000000001,105,True,False,False,True,882.0,105,0.8658253647948594,0.0032156615052372217,16480
144,0,14,7433,op,0.6592692909240722,120,True,True,False,False,802.0,120,0.8649595394300645,0.0024964571930468082,16600
145,0,14,7433,op,-0.1630000000000001,114,True,False,False,True,892.0,114,0.8640945798906344,0.002418042393401265,16714
146,0,14,7433,op,-0.17033333333333342,113,True,False,False,True,894.0,113,0.8632304853107438,0.004184863530099392,16827
147,0,14,7433,op,-0.21433333333333343,107,True,False,False,True,884.0,107,0.862367254825433,0.004564816597849131,16934
148,0,14,7433,op,0.6346632418632506,120,True,True,False,False,891.0,120,0.8615048875706075,0.0021880038548260927,17054
149,0,14,7433,op,-0.15566666666666676,115,True,False,False,True,895.0,115,0.8606433826830369,0.0022140727378427982,17169
